Id,TotSqFt,TotBaths,BedroomAbvGr,SalePrice
1461,2768.0,1.0,2,138400.75260906146
1462,3399.0,2.0,3,179053.93812100642
1463,3285.0,3.0,3,192584.81616207014
1464,3396.0,3.0,3,198296.344697043
1465,3292.0,2.0,2,184760.05592321247
1466,3099.0,3.0,3,183014.1467250886
1467,3279.0,3.0,3,192276.08488990946
1468,2722.0,3.0,3,163615.53179099158
1469,3339.0,3.0,2,206575.22310058816
1470,2529.0,2.0,2,145499.72914677736
1471,3524.0,3.0,2,216094.43732554294
1472,2009.0,2.0,2,118743.01889285044
1473,1937.0,2.0,3,103826.41813785036
1474,2924.0,3.0,3,174009.48462040166
1475,2010.0,1.0,2,99397.70189276029
1476,4952.0,3.0,3,278360.6546107166
1477,3991.0,2.0,3,209515.4236408617
1478,4392.0,2.0,3,230148.9636636015
1479,4441.0,2.0,3,232670.26905291382
1480,6870.0,4.0,3,396448.5234902025
1481,5045.0,4.0,3,302542.7615413243
1482,3393.0,2.0,2,189957.0323379175
1483,3137.0,2.0,3,165572.6725699894
1484,2943.0,2.0,2,166802.18692586533
1485,2258.0,4.0,3,159137.0856226814
1486,3205.0,3.0,3,188468.39919992755
1487,5517.0,3.0,4,296221.023916777
1488,4214.0,2.0,2,232201.76141190596
1489,3248.0,2.0,2,182496.02659403402
1490,3782.0,3.0,2,229369.88202845282
1491,3186.0,3.0,3,187490.75017141868
1492,2458.0,1.0,2,122449.63688075889
1493,3645.0,3.0,3,211108.69249171187
1494,4504.0,4.0,4,263493.66634576325
1495,4556.0,4.0,4,266169.3373711559
1496,3700.0,3.0,2,225150.55464225667
1497,3219.0,3.0,2,200400.59765737425
1498,2452.0,3.0,2,160934.45003283204
1499,2452.0,4.0,2,180331.22224494896
1500,2482.0,4.0,2,181874.87860575246
1501,2740.0,4.0,2,195150.32330866234
1502,2156.0,3.0,2,145703.7072729044
1503,4488.0,3.0,1,276909.087208433
1504,3879.0,4.0,3,242545.9843180959
1505,3994.0,3.0,3,229066.56148905895
1506,4269.0,3.0,4,232004.9193073524
1507,4691.0,4.0,4,273115.7909947715
1508,3862.0,4.0,3,241671.2457136406
1509,2879.0,3.0,4,160482.1745901247
1510,3178.0,3.0,3,187079.1084752044
1511,3042.0,2.0,3,160684.42742744507
1512,3781.0,3.0,3,218106.6013273543
1513,2960.0,2.0,3,156465.1000412489
1514,3456.0,4.0,6,187144.9531635516
1515,4001.0,2.0,3,210029.97576112952
1516,2958.0,2.0,3,156362.18961719534
1517,2761.0,2.0,2,157437.33833699094
1518,3826.0,2.0,4,189813.4881673708
1519,3905.0,3.0,3,224487.04761867534
1520,2594.0,2.0,3,137632.4924394465
1521,2745.0,1.0,3,126005.4572433737
1522,3452.0,3.0,3,201177.83657054283
1523,2432.0,1.0,3,109899.97587899078
1524,2246.0,2.0,2,130937.9041431979
1525,2454.0,1.0,3,111031.99054358
1526,2240.0,2.0,2,130629.17287103721
1527,2237.0,2.0,2,130474.80723495685
1528,2734.0,2.0,3,144836.22212319606
1529,2834.0,2.0,3,149981.74332587427
1530,4240.0,2.0,2,233539.59692460232
1531,2877.0,2.0,3,152194.31744302594
1532,2058.0,2.0,2,121264.3242821628
1533,3245.0,3.0,3,190526.60768099886
1534,2318.0,1.0,3,104034.08170793756
1535,3126.0,1.0,3,145609.89302557785
1536,2902.0,1.0,3,134083.92553157857
1537,2290.0,1.0,2,113805.1612602594
1538,3312.0,2.0,3,174577.33467467636
1539,3346.0,3.0,3,195723.5840957039
1540,3132.0,2.0,4,154103.57102078368
1541,2832.0,2.0,2,161090.65839089247
1542,2963.0,2.0,3,156619.46567732922
1543,3551.0,2.0,3,186875.1303490774
1544,1906.0,2.0,2,113443.13205409184
1545,2108.0,2.0,2,123837.0848835019
1546,2344.0,3.0,3,144165.46164486776
1547,2711.0,2.0,3,143652.75224658003
1548,2777.0,2.0,3,147048.79624034767
1549,2530.0,1.0,2,126154.41214668722
1550,2954.0,2.0,4,144944.5432800164
1551,2608.0,2.0,2,149564.69089689318
1552,3946.0,2.0,4,195988.1136105847
1553,2852.0,2.0,3,150907.93714235636
1554,2278.0,2.0,3,121372.64543898319
1555,3594.0,2.0,3,189087.704466229
1556,2341.0,2.0,3,124614.32379667048
1557,2772.0,2.0,3,146791.5201802138
1558,1795.0,1.0,3,77123.0058179303
1559,2830.0,2.0,4,138564.09698869538
1560,3186.0,3.0,2,198702.57566049043
1561,3722.0,4.0,4,223255.69054081925
1562,2172.0,2.0,3,115918.39296414424
1563,2234.0,2.0,2,130320.44159887652
1564,3283.0,2.0,3,173085.13352589967
1565,2870.0,2.0,4,140622.30546976667
1566,4089.0,3.0,1,256378.4576097468
1567,1936.0,1.0,2,95590.01620277838
1568,4060.0,4.0,4,240647.5522058718
1569,3122.0,3.0,4,172985.79111263284
1570,2308.0,2.0,3,122916.30179978668
1571,2496.0,1.0,3,113193.10944870487
1572,2950.0,2.0,3,155950.54792098107
1573,3588.0,2.0,1,211202.6241722119
1574,3196.0,2.0,3,168608.53007956955
1575,3938.0,3.0,1,248608.7205937027
1576,4307.0,4.0,3,264568.8150655588
1577,3113.0,2.0,2,175549.57297041835
1578,2664.0,2.0,3,141234.35728132125
1579,2486.0,2.0,2,143287.15502962572
1580,3122.0,3.0,3,184197.6166017046
1581,2761.0,3.0,3,165622.2850600361
1582,2236.0,2.0,3,119211.52653385833
1583,5019.0,4.0,3,301204.926028628
1584,4128.0,3.0,4,224749.73441157606
1585,2256.0,2.0,1,142664.2817525375
1586,880.0,1.0,2,41253.31230249602
1587,1808.0,1.0,3,77791.92357427848
1588,3153.0,2.0,3,166395.95596241794
1589,2504.0,1.0,2,124816.57663399086
1590,2456.0,2.0,3,130531.6731797505
1591,1920.0,1.0,3,83554.90732127812
1592,2699.0,2.0,2,154247.1151913304
1593,2277.0,2.0,2,132533.01571602817
1594,2650.0,3.0,6,126275.28005784797
1595,2716.0,2.0,3,143910.02830671397
1596,4059.0,3.0,4,221199.32478172804
1597,3693.0,3.0,5,191154.8916908539
1598,2548.0,4.0,3,174059.09711044835
1599,2791.0,2.0,1,170192.82018686619
1600,3106.0,2.0,2,175189.3864862309
1601,1220.0,1.0,1,69959.90988067385
1602,2617.0,1.0,2,130631.0155930173
1603,2303.0,1.0,3,103262.25352753582
1604,4101.0,4.0,2,265180.8668771134
1605,3776.0,4.0,3,237246.0974793373
1606,3402.0,3.0,3,198605.07596920372
1607,4782.0,3.0,5,247189.61758802008
1608,3490.0,3.0,3,203133.1346275606
1609,2973.0,2.0,2,168345.8432866688
1610,2328.0,3.0,3,143342.17825243925
1611,2860.0,2.0,2,162531.40432764238
1612,3484.0,2.0,3,183427.63114328292
1613,3702.0,2.0,3,194644.86736512155
1614,2481.0,3.0,2,162426.65118160873
1615,1864.0,2.0,3,100070.18765989522
1616,1638.0,2.0,3,88441.30974184236
1617,1988.0,2.0,3,106450.63395121624
1618,2090.0,1.0,3,92302.29336583114
1619,2592.0,2.0,2,148741.40750446465
1620,4464.0,6.0,4,300229.00228892575
1621,2496.0,2.0,3,132589.8816608218
1622,3185.0,2.0,5,145618.87176913142
1623,4379.0,5.0,3,287670.3625436041
1624,4039.0,4.0,3,250778.8182423811
1625,2266.0,1.0,2,112570.23617161662
1626,3497.0,3.0,4,192281.49562267627
1627,3305.0,3.0,3,193613.9204026058
1628,4089.0,3.0,4,222742.9811425315
1629,2522.0,3.0,3,153324.48938563507
1630,5533.0,3.0,1,330679.7837764208
1631,3602.0,3.0,2,220107.94386363198
1632,3951.0,3.0,2,238065.8128609791
1633,2418.0,3.0,3,147973.14733484967
1634,3112.0,4.0,3,203079.8366935537
1635,2678.0,4.0,3,180748.27467393008
1636,2822.0,2.0,3,149364.2807815529
1637,3999.0,4.0,3,248720.6097613098
1638,3795.0,3.0,4,207615.14880665747
1639,3889.0,2.0,3,204266.99201412988
1640,4419.0,3.0,4,239723.20111136977
1641,3326.0,2.0,3,175297.70764305128
1642,3426.0,4.0,3,219236.77326996342
1643,3654.0,3.0,3,211571.78939995292
1644,3621.0,3.0,3,209873.7674030691
1645,4210.0,3.0,3,240180.88728684402
1646,2760.0,3.0,3,165570.8298480093
1647,2915.0,2.0,3,154149.61550004367
1648,2882.0,2.0,2,163663.41899223163
1649,2429.0,3.0,3,148539.1546671443
1650,2514.0,2.0,3,133516.07547730388
1651,2504.0,1.0,3,113604.75114491911
1652,1734.0,3.0,2,123989.60779760216
1653,1758.0,3.0,2,125224.53288624494
1654,2900.0,3.0,3,172774.55953175886
1655,2579.0,3.0,2,167469.26196023342
1656,2779.0,3.0,3,166548.47887651817
1657,2900.0,4.0,3,192171.33174387578
1658,2898.0,3.0,3,172671.6491077053
1659,2187.0,2.0,2,127902.04663361775
1660,2802.0,2.0,3,148335.17654101725
1661,5501.0,5.0,4,334191.2849485823
1662,5116.0,4.0,3,306196.08159522596
1663,5226.0,3.0,3,292459.38270605507
1664,6476.0,5.0,2,406783.76765283884
1665,4715.0,2.0,3,246768.99714825227
1666,4677.0,3.0,3,264210.47130335146
1667,5133.0,4.0,5,284647.1692215377
1668,4622.0,3.0,3,261380.4346418784
1669,3971.0,3.0,2,239094.91710151473
1670,4658.0,3.0,3,263232.8222748426
1671,4458.0,3.0,3,252941.77986948605
1672,5906.0,4.0,3,346845.6990963841
1673,4366.0,4.0,4,256392.8470860672
1674,4365.0,2.0,3,228759.67293887836
1675,3428.0,2.0,2,191757.96475885485
1676,3469.0,3.0,1,224476.22615314167
1677,3410.0,3.0,2,210228.54315448971
1678,6394.0,4.0,2,383167.66805452574
1679,5348.0,4.0,3,318133.69078543945
1680,4738.0,3.0,2,278561.06472605694
1681,3680.0,2.0,2,204724.67818960405
1682,4526.0,3.0,3,256440.7342873073
1683,3472.0,2.0,2,194021.9940880333
1684,2674.0,3.0,3,161145.68161370602
1685,2683.0,3.0,3,161608.77852194707
1686,2953.0,2.0,2,167316.73904613315
1687,2258.0,3.0,3,139740.31341056447
1688,3102.0,3.0,3,183168.51236116895
1689,3222.0,3.0,3,189343.13780438286
1690,2746.0,4.0,3,184247.22909175127
1691,2589.0,4.0,3,176168.7608035464
1692,3566.0,4.0,4,215228.67746464122
1693,2158.0,3.0,3,134594.7922078862
1694,2774.0,4.0,3,185687.97502850118
1695,2214.0,3.0,3,137476.28408138602
1696,4445.0,4.0,4,260457.80883618305
1697,2224.0,3.0,3,137990.83620165387
1698,5234.0,4.0,4,301055.9711253145
1699,5140.0,3.0,3,288034.2344717517
1700,4385.0,4.0,3,268582.3216036479
1701,4366.0,4.0,3,267604.672575139
1702,4540.0,2.0,3,237764.3350435653
1703,4186.0,3.0,3,238945.96219820122
1704,4317.0,3.0,3,245686.59497370973
1705,3693.0,2.0,3,194181.7704568805
1706,6039.0,3.0,2,345504.295572901
1707,3522.0,2.0,3,185382.92920030066
1708,3760.0,2.0,3,197629.26966267492
1709,4392.0,2.0,3,230148.9636636015
1710,3652.0,2.0,2,203283.93225285414
1711,3690.0,4.0,3,232820.94924503402
1712,4364.0,2.0,3,228708.21772685158
1713,4313.0,3.0,3,245480.77412560262
1714,3974.0,3.0,3,228037.4572485233
1715,3138.0,4.0,3,204417.67220625005
1716,3190.0,2.0,3,168299.7988074089
1717,2948.0,3.0,3,175244.40970904444
1718,2366.0,2.0,3,125900.70409734006
1719,3362.0,3.0,3,196546.8674881324
1720,4115.0,2.0,3,215895.86993218272
1721,3154.0,2.0,3,166447.41117444471
1722,2267.0,2.0,3,120806.63810668857
1723,2846.0,3.0,3,169995.97808231262
1724,3781.0,2.0,2,209921.6546043091
1725,3668.0,4.0,4,220477.10909137304
1726,3333.0,3.0,3,195054.66633935572
1727,3266.0,2.0,2,183422.2204105161
1728,2961.0,4.0,3,195310.09967750954
1729,2589.0,3.0,3,156771.9885914295
1730,2494.0,2.0,4,121275.14574769647
1731,2388.0,2.0,3,127032.71876192925
1732,2772.0,2.0,3,146791.5201802138
1733,2326.0,1.0,2,115657.54889322357
1734,2503.0,2.0,3,132950.06814500928
1735,2124.0,2.0,3,113448.54278685868
1736,2076.0,2.0,3,110978.69260957313
1737,5609.0,3.0,2,323378.55440138455
1738,3816.0,4.0,3,239304.30596040864
1739,5262.0,3.0,3,294311.77033901925
1740,4267.0,3.0,2,254325.65986144237
1741,3211.0,3.0,1,211200.78145023176
1742,2740.0,4.0,2,195150.32330866234
1743,2683.0,4.0,3,181005.550734064
1744,4876.0,3.0,2,285661.88398575294
1745,4486.0,2.0,2,246197.5790831908
1746,3482.0,3.0,4,191509.66744227457
1747,3940.0,3.0,3,226287.9800396127
1748,4375.0,3.0,5,226247.34629311957
1749,3449.0,3.0,3,201023.4709344625
1750,2768.0,2.0,3,146585.69933210663
1751,4265.0,3.0,4,231799.09845924523
1752,2040.0,2.0,2,120338.1304656807
1753,3776.0,2.0,3,198452.55305510346
1754,3997.0,4.0,4,237405.87384818448
1755,3067.0,3.0,3,181367.57994023155
1756,2544.0,2.0,2,146271.5573271791
1757,2036.0,1.0,3,89523.7119163849
1758,3254.0,2.0,3,171592.93237712298
1759,3451.0,3.0,3,201126.38135851605
1760,3557.0,3.0,3,206580.633833355
1761,3228.0,3.0,3,189651.86907654355
1762,3737.0,3.0,4,204630.7465091041
1763,3237.0,2.0,4,159506.3682835959
1764,2320.0,2.0,2,134745.5898331798
1765,4248.0,2.0,2,233951.23862081658
1766,3773.0,3.0,3,217694.95963114002
1767,4123.0,3.0,2,246916.10932958566
1768,2856.0,2.0,3,151113.75799046352
1769,3302.0,2.0,3,174062.78255440854
1770,2429.0,3.0,3,148539.1546671443
1771,2863.0,2.0,3,151473.94447465095
1772,3394.0,2.0,3,178796.66206087254
1773,3023.0,2.0,3,159706.7783989362
1774,4227.0,2.0,4,210447.02819011058
1775,2421.0,2.0,3,128730.7407588131
1776,2478.0,1.0,2,123478.74112129453
1777,1826.0,2.0,2,109326.71509194924
1778,2292.0,2.0,2,133304.8438964299
1779,2134.0,2.0,2,125174.92039619826
1780,2770.0,3.0,3,166085.38196827713
1781,2772.0,1.0,3,127394.74796809684
1782,2040.0,1.0,2,100941.35825356378
1783,3063.0,3.0,4,169949.9336030527
1784,2004.0,1.0,2,99088.9706205996
1785,2508.0,1.0,3,113810.57199302624
1786,4650.0,2.0,3,243424.4083665114
1787,2986.0,2.0,4,146591.11006487347
1788,1096.0,2.0,2,71764.41031239799
1789,2142.0,1.0,2,106189.78988029558
1790,1705.0,2.0,1,114312.4599257803
1791,4699.0,4.0,6,251103.78171284235
1792,3340.0,2.0,3,176018.08061142627
1793,2716.0,2.0,3,143910.02830671397
1794,2424.0,2.0,2,140096.93188396518
1795,2518.0,1.0,3,114325.12411329406
1796,1778.0,1.0,2,87460.09270254674
1797,3059.0,1.0,3,142162.39381978344
1798,2376.0,1.0,3,107018.48400549096
1799,1772.0,2.0,2,106548.13364250297
1800,1999.0,2.0,3,107016.64128351086
1801,2881.0,2.0,4,141188.31280206126
1802,3151.0,1.0,3,146896.27332624744
1803,3124.0,2.0,4,153691.92932456947
1804,2486.0,2.0,2,143287.15502962572
1805,2354.0,2.0,3,125283.24155301868
1806,2535.0,1.0,3,115199.86271774938
1807,3437.0,3.0,4,189194.18290106935
1808,2018.0,2.0,3,107994.29031201973
1809,2144.0,2.0,3,114477.64702739433
1810,2866.0,2.0,3,151628.31011073134
1811,2449.0,2.0,4,118959.66120649125
1812,2572.0,1.0,3,117103.70556274033
1813,2416.0,2.0,3,128473.46469867916
1814,2138.0,1.0,2,105983.96903218847
1815,945.0,1.0,1,55809.72657330865
1816,1784.0,1.0,2,87768.82397470743
1817,3067.0,2.0,3,161970.8077281146
1818,3516.0,2.0,3,185074.19792814
1819,2295.0,2.0,3,122247.38404343848
1820,1473.0,1.0,2,71766.25303437805
1821,2835.0,1.0,3,130636.42632578412
1822,3140.0,1.0,4,135118.44050488103
1823,1172.0,1.0,2,56278.23421431652
1824,2997.0,1.0,3,138972.1706741229
1825,2591.0,2.0,3,137478.12680336612
1826,2028.0,1.0,3,89112.07022017063
1827,2285.0,1.0,2,113547.88520012549
1828,3157.0,2.0,3,166601.77681052504
1829,3433.0,2.0,2,192015.2408189888
1830,3542.0,2.0,3,186412.03344083636
1831,2884.0,2.0,3,152554.50392721343
1832,3224.0,2.0,4,158837.45052724768
1833,3179.0,3.0,4,175918.73819815944
1834,2425.0,1.0,3,109539.78939480329
1835,3174.0,3.0,6,153237.811159882
1836,3402.0,1.0,3,159811.53154496985
1837,2015.0,2.0,1,130263.5756540829
1838,2697.0,3.0,3,162329.15149032202
1839,1508.0,2.0,2,92963.95766743238
1840,2520.0,6.0,3,211411.89559793228
1841,2556.0,4.0,2,185682.56429573434
1842,1923.0,3.0,4,111290.99189252056
1843,2987.0,2.0,3,157854.39076597203
1844,1994.0,2.0,3,106759.36522337695
1845,3040.0,2.0,4,149369.69151431974
1846,2896.0,2.0,3,153171.9664715348
1847,3391.0,3.0,4,186827.24314783735
1848,760.0,1.0,2,35078.68685928212
1849,2081.0,1.0,2,103051.02194666184
1850,2486.0,2.0,2,143287.15502962572
1851,2676.0,2.0,3,141851.81982564263
1852,2758.0,2.0,3,146071.1472118388
1853,2469.0,3.0,2,161809.18863728733
1854,2727.0,3.0,1,186296.45882926902
1855,2434.0,2.0,2,140611.484004233
1856,4075.0,4.0,3,252631.20587534527
1857,2592.0,1.0,4,106920.98431420421
1858,3021.0,2.0,6,125968.39150766737
1859,1935.0,2.0,4,92511.68222472501
1860,3115.0,4.0,2,214446.0278187058
1861,1913.0,2.0,4,91379.66756013579
1862,5087.0,8.0,6,348655.4928277017
1863,5087.0,8.0,6,348655.4928277017
1864,5087.0,8.0,6,348655.4928277017
1865,4582.0,3.0,1,281745.87713895063
1866,4598.0,3.0,3,260145.5095532356
1867,4174.0,2.0,3,218931.72744176292
1868,4576.0,3.0,3,259013.4948886464
1869,3402.0,3.0,2,209816.90145827548
1870,3578.0,3.0,2,218873.01877498918
1871,4082.0,2.0,3,214197.84793529892
1872,2630.0,3.0,3,158881.65228452758
1873,4076.0,4.0,3,252682.6610873721
1874,2578.0,2.0,3,136809.20904701797
1875,3546.0,3.0,3,206014.6265010604
1876,3438.0,4.0,3,219854.2358142848
1877,3636.0,3.0,3,210645.59558347083
1878,3874.0,2.0,3,203495.16383372812
1879,2229.0,1.0,3,99454.56783755391
1880,2272.0,2.0,2,132275.73965589426
1881,4766.0,3.0,3,268789.98517373507
1882,4146.0,3.0,4,225675.92822805815
1883,3163.0,3.0,3,186307.28029480268
1884,3721.0,3.0,3,215019.28860574734
1885,3665.0,3.0,2,223349.62222131927
1886,4511.0,3.0,3,255668.90610690555
1887,3522.0,3.0,3,204779.7014124176
1888,4233.0,3.0,3,241364.35716346
1889,2580.0,3.0,3,156308.89168318847
1890,2947.0,2.0,3,155796.18228490074
1891,2172.0,2.0,2,127130.21845321599
1892,2072.0,1.0,3,91376.09954934905
1893,2893.0,2.0,3,153017.60083545448
1894,3356.0,2.0,6,143205.88753663952
1895,3023.0,1.0,2,151521.831675891
1896,2358.0,1.0,3,106092.29018900887
1897,2405.0,2.0,3,127907.45736638457
1898,2430.0,2.0,3,129193.83766705415
1899,2668.0,1.0,3,122043.40591731147
1900,2351.0,1.0,3,105732.10370482138
1901,3018.0,3.0,2,190058.10003999097
1902,3451.0,1.0,2,173544.66242335393
1903,3857.0,3.0,5,199593.54646324625
1904,2614.0,2.0,2,149873.4221690539
1905,3853.0,3.0,3,221811.37659328265
1906,2966.0,3.0,3,176170.60352552653
1907,3993.0,3.0,3,229015.10627703217
1908,2279.0,1.0,2,113239.1539279648
1909,2428.0,3.0,2,159699.52494418927
1910,2406.0,2.0,2,139170.7380674831
1911,3567.0,4.0,3,226491.95816573975
1912,5063.0,3.0,3,284072.1831456895
1913,4209.0,2.0,5,198309.00888455674
1914,1416.0,1.0,2,68833.30594885146
1915,4094.0,4.0,2,264820.680392926
1916,1233.0,1.0,1,70628.82763702203
1917,4102.0,3.0,3,234623.7243879515
1918,2498.0,2.0,2,143904.6175739471
1919,3246.0,3.0,2,201789.8883820974
1920,3849.0,3.0,2,232817.38123424727
1921,5250.0,3.0,3,293694.3077946978
1922,4262.0,3.0,3,242856.55831223668
1923,3718.0,3.0,3,214864.922969667
1924,4164.0,5.0,3,276607.49195784586
1925,3650.0,3.0,3,211365.96855184578
1926,5236.0,3.0,2,304185.76031539467
1927,2544.0,1.0,3,115662.95962599042
1928,3112.0,2.0,3,164286.29226931982
1929,2066.0,2.0,2,121675.96597837706
1930,2184.0,2.0,2,127747.68099753739
1931,2541.0,2.0,2,146117.19169109876
1932,2501.0,2.0,3,132847.1577209557
1933,3855.0,2.0,4,191305.68931614747
1934,3036.0,3.0,3,179772.4683674013
1935,2811.0,3.0,3,168195.04566137522
1936,3184.0,3.0,3,187387.83974736513
1937,3190.0,3.0,3,187696.5710195258
1938,3175.0,3.0,3,186924.74283912408
1939,3874.0,3.0,1,245315.5870239886
1940,3292.0,2.0,2,184760.05592321247
1941,3064.0,3.0,3,181213.21430415122
1942,3001.0,4.0,3,197368.30815858082
1943,3363.0,3.0,2,207810.14818923094
1944,4575.0,4.0,5,255935.16091059303
1945,4728.0,3.0,2,278046.5126057891
1946,3745.0,1.0,3,177460.66927015624
1947,4181.0,3.0,2,249900.51162713903
1948,3894.0,3.0,3,223921.04028638074
1949,4080.0,3.0,2,244703.53521243404
1950,3270.0,3.0,3,191812.9879816684
1951,4862.0,3.0,3,273729.68552830623
1952,4582.0,3.0,3,259322.22616080713
1953,3057.0,3.0,3,180853.02781996373
1954,3372.0,3.0,3,197061.41960840023
1955,2512.0,2.0,3,133413.16505325033
1956,5798.0,4.0,4,330076.7107084198
1957,3385.0,2.0,2,189545.39064170324
1958,4953.0,4.0,4,286597.0565457886
1959,3213.0,4.0,4,197064.98761918698
1960,2176.0,1.0,2,107939.2670892062
1961,2304.0,2.0,3,122710.48095167952
1962,1786.0,3.0,2,126665.27882299485
1963,2233.0,2.0,2,130268.98638684975
1964,2196.0,3.0,3,136550.09026490396
1965,2771.0,3.0,4,154925.01169123215
1966,2588.0,2.0,2,148535.58665635754
1967,4373.0,3.0,3,248568.08684720955
1968,5968.0,4.0,4,338824.0967529729
1969,4969.0,3.0,2,290447.2187042437
1970,5842.0,4.0,4,332340.7400375983
1971,5982.0,4.0,4,339544.4697213478
1972,5003.0,4.0,3,300381.6426361995
1973,3816.0,3.0,4,208695.70825921994
1974,4602.0,4.0,4,268536.2771243879
1975,6373.0,4.0,1,393298.9340910351
1976,4154.0,3.0,2,248511.2209024159
1977,4934.0,4.0,4,285619.40751727973
1978,5576.0,3.0,4,299256.88142635714
1979,4642.0,3.0,2,273621.36437148583
1980,3251.0,2.0,2,182650.39223011435
1981,4754.0,3.0,2,279384.3481184855
1982,3269.0,3.0,2,202973.3582587134
1983,3269.0,2.0,2,183576.58604659644
1984,2891.0,3.0,2,183523.2881125896
1985,3834.0,3.0,2,232045.55305384554
1986,3800.0,3.0,2,230296.0758449349
1987,2944.0,2.0,2,166853.6421378921
1988,2772.0,3.0,3,166188.2923923307
1989,3146.0,3.0,3,185432.54169034737
1990,3435.0,3.0,4,189091.2724770158
1991,3410.0,3.0,2,210228.54315448971
1992,3413.0,3.0,3,199171.08330149832
1993,2659.0,3.0,3,160373.8534333043
1994,3947.0,3.0,4,215436.34103472845
1995,3035.0,3.0,3,179721.01315537453
1996,4019.0,3.0,3,230352.94178972853
1997,4693.0,3.0,4,253821.9292067082
1998,5103.0,3.0,2,297342.21711583255
1999,3933.0,4.0,4,234112.7402784704
2000,4773.0,3.0,4,257938.34616885078
2001,4544.0,4.0,4,265551.87482683454
2002,3824.0,3.0,3,220319.17544450593
2003,4257.0,3.0,3,242599.2822521028
2004,3985.0,4.0,3,248000.23679293483
2005,3420.0,2.0,3,180134.49757356883
2006,3628.0,2.0,3,190837.18167513964
2007,4233.0,2.0,3,221967.58495134307
2008,3234.0,3.0,2,201172.42583777598
2009,3282.0,4.0,3,211827.22273810674
2010,3212.0,3.0,3,188828.58568411504
2011,2440.0,2.0,3,129708.38978732197
2012,2839.0,2.0,3,150239.0193860082
2013,2958.0,3.0,3,175758.96182931226
2014,3280.0,4.0,3,211724.31231405315
2015,3190.0,3.0,3,187696.5710195258
2016,3199.0,4.0,3,207556.44013988378
2017,3356.0,4.0,3,215634.90842808865
2018,2553.0,2.0,3,135522.8287463484
2019,2280.0,2.0,3,121475.55586303677
2020,2088.0,2.0,3,111596.1551538945
2021,2004.0,1.0,3,87877.14513152785
2022,3734.0,3.0,3,215688.20636209552
2023,3224.0,2.0,4,158837.45052724768
2024,4770.0,4.0,4,277180.7527448874
2025,5613.0,4.0,4,320557.4964834651
2026,3075.0,2.0,1,184806.1004024724
2027,2446.0,4.0,2,180022.49097278828
2028,2723.0,2.0,2,155482.04027997315
2029,2765.0,4.0,3,185224.87812026014
2030,4045.0,3.0,2,242902.60279149664
2031,3487.0,3.0,1,225402.41996962376
2032,3639.0,3.0,2,222011.78670862294
2033,3835.0,3.0,2,232097.0082658723
2034,2558.0,4.0,3,174573.64923071617
2035,3193.0,4.0,3,207247.7088677231
2036,3195.0,4.0,3,207350.61929177665
2037,3216.0,4.0,3,208431.1787443391
2038,4393.0,4.0,2,280205.7887889339
2039,3142.0,3.0,1,207650.3718203838
2040,5028.0,4.0,3,301668.02293686906
2041,4017.0,4.0,3,249646.8035777919
2042,3489.0,3.0,3,203081.67941553378
2043,3586.0,3.0,4,196861.00949305994
2044,4209.0,2.0,4,209520.8343736285
2045,4072.0,2.0,4,202471.47032595932
2046,3734.0,2.0,4,185079.6086609068
2047,2706.0,2.0,4,132183.65069737437
2048,2646.0,2.0,3,140308.16346483916
2049,4032.0,2.0,6,177989.61086674448
2050,2959.0,2.0,4,145201.81934015034
2051,1521.0,1.0,2,74236.10321166363
2052,2843.0,2.0,3,150444.8402341153
2053,2790.0,2.0,3,147717.71399669588
2054,1485.0,1.0,2,72383.71557869946
2055,3264.0,2.0,3,172107.4844973908
2056,2365.0,2.0,3,125849.24888531328
2057,2528.0,1.0,3,114839.67623356191
2058,3802.0,3.0,4,207975.33529084496
2059,2827.0,2.0,3,149621.55684168683
2060,3574.0,3.0,2,218667.19792688207
2061,3896.0,2.0,3,204627.17849831737
2062,2592.0,2.0,3,137529.5820153929
2063,1842.0,2.0,2,110149.99848437775
2064,2940.0,2.0,3,155435.99580071325
2065,2366.0,1.0,2,117715.75737429489
2066,3368.0,2.0,3,177458.82654817618
2067,2137.0,3.0,4,122302.40726625202
2068,4132.0,2.0,5,194346.9575584945
2069,1325.0,1.0,1,75362.70714348603
2070,2374.0,1.0,3,106915.57358143738
2071,1848.0,1.0,2,91061.95754442152
2072,3916.0,2.0,3,205656.282738853
2073,2576.0,3.0,3,156103.07083508134
2074,3567.0,2.0,3,187698.41374150588
2075,2681.0,2.0,3,142109.09588577657
2076,2328.0,1.0,2,115760.45931727716
2077,3063.0,3.0,3,181161.75909212444
2078,2353.0,2.0,3,125231.78634099188
2079,2772.0,2.0,3,146791.5201802138
2080,2200.0,2.0,2,128570.9643899659
2081,2372.0,1.0,4,95600.83766831206
2082,3600.0,2.0,6,155760.95927117445
2083,2836.0,2.0,3,150084.65374992788
2084,2000.0,2.0,2,118279.92198460939
2085,2498.0,1.0,3,113296.01987275842
2086,1808.0,2.0,3,97188.6957863954
2087,2503.0,1.0,3,113553.29593289233
2088,2612.0,1.0,2,130373.73953288337
2089,1600.0,1.0,2,78301.06496177946
2090,2740.0,2.0,4,133933.12790628494
2091,2703.0,2.0,3,143241.11055036576
2092,3084.0,2.0,2,174057.37182164166
2093,3137.0,1.0,2,157387.7258469442
2094,1986.0,2.0,2,117559.54901623444
2095,3274.0,2.0,3,172622.03661765862
2096,1676.0,1.0,2,82211.66107581492
2097,1959.0,1.0,3,85561.66059032263
2098,3292.0,1.0,3,154151.45822202376
2099,1307.0,1.0,1,74436.51332700394
2100,2036.0,2.0,5,86496.83315035829
2101,3096.0,2.0,4,152251.18338781956
2102,2554.0,1.0,3,116177.51174625824
2103,1810.0,1.0,2,89106.65948740378
2104,3935.0,2.0,4,195422.1062782901
2105,2429.0,2.0,3,129142.38245502737
2106,2377.0,1.0,2,118281.76470658949
2107,4449.0,2.0,5,210658.25977098456
2108,2276.0,2.0,2,132481.56050400136
2109,2270.0,1.0,2,112776.05701972375
2110,2704.0,1.0,2,135107.61903934737
2111,2802.0,2.0,3,148335.17654101725
2112,3032.0,2.0,3,160169.87530717725
2113,2122.0,1.0,3,93948.86015068818
2114,2194.0,2.0,3,117050.40762873346
2115,2904.0,2.0,3,153583.60816774907
2116,2316.0,1.0,2,115142.99677295575
2117,3266.0,2.0,3,172210.39492144436
2118,2321.0,2.0,2,134797.04504520659
2119,2266.0,1.0,3,101358.41068254487
2120,2316.0,2.0,3,123327.94349600092
2121,2167.0,1.0,2,107476.17018096516
2122,2621.0,2.0,2,150233.60865324133
2123,1020.0,1.0,1,59668.86747531734
2124,3418.0,2.0,4,168819.7616604435
2125,3772.0,2.0,4,187034.90671792452
2126,3393.0,2.0,4,167533.38135977398
2127,3830.0,2.0,5,178807.4835264062
2128,2815.0,1.0,3,129607.32208524848
2129,2060.0,1.0,1,113182.28798317119
2130,2908.0,2.0,4,142577.6035267844
2131,3675.0,2.0,4,182043.75115132664
2132,2705.0,2.0,2,154555.84646349106
2133,2532.0,1.0,2,126257.32257074077
2134,2388.0,3.0,3,146429.4909740462
2135,1826.0,1.0,1,101141.76836890406
2136,2126.0,2.0,3,113551.45321091224
2137,2522.0,1.0,3,114530.9449614012
2138,2624.0,2.0,3,139176.14880024997
2139,2756.0,2.0,3,145968.23678778525
2140,2482.0,2.0,3,131869.50869244683
2141,2299.0,2.0,3,122453.20489154564
2142,2506.0,1.0,3,113707.66156897269
2143,2870.0,2.0,2,163045.9564479102
2144,3030.0,2.0,3,160066.96488312364
2145,2388.0,2.0,3,127032.71876192925
2146,3219.0,2.0,1,192215.6509343291
2147,3469.0,3.0,3,202052.57517499814
2148,2553.0,3.0,2,166131.4264475371
2149,2823.0,1.0,3,130018.96378146275
2150,3666.0,3.0,3,212189.2519442743
2151,2033.0,1.0,2,100581.17176937629
2152,3137.0,2.0,2,176784.49805906115
2153,4074.0,2.0,3,213786.20623908465
2154,1728.0,2.0,2,104284.10431332455
2155,2406.0,2.0,3,127958.91257841134
2156,4801.0,4.0,4,278775.8643177176
2157,4226.0,4.0,3,260400.94289138948
2158,3731.0,3.0,4,204322.01523694338
2159,3314.0,3.0,3,194077.01731084686
2160,2592.0,3.0,3,156926.35422750984
2161,4292.0,2.0,3,225003.44246092322
2162,6220.0,3.0,3,343605.8634606769
2163,4643.0,4.0,3,281857.7663065578
2164,3933.0,3.0,3,225927.79355542525
2165,3602.0,3.0,2,220107.94386363198
2166,2676.0,2.0,3,141851.81982564263
2167,3712.0,3.0,3,214556.1916975063
2168,3331.0,4.0,3,214348.52812741906
2169,3036.0,3.0,3,179772.4683674013
2170,3605.0,4.0,3,228447.2562227575
2171,3057.0,2.0,3,161456.25560784678
2172,2728.0,2.0,3,144527.49085103534
2173,3468.0,3.0,2,213212.94545204312
2174,4072.0,3.0,3,233080.06802714802
2175,4313.0,4.0,3,264877.54633771954
2176,4496.0,3.0,3,254897.07792650379
2177,4109.0,3.0,4,223772.0853830672
2178,3323.0,3.0,3,194540.1142190879
2179,2256.0,2.0,1,142664.2817525375
2180,4624.0,4.0,2,292091.94276712066
2181,3395.0,2.0,3,178848.1172728993
2182,3966.0,2.0,3,208229.04334019212
2183,3372.0,2.0,3,177664.64739628328
2184,2868.0,1.0,3,132334.44832266797
2185,2217.0,2.0,3,118233.87750534946
2186,2872.0,3.0,3,171333.81359500895
2187,2980.0,2.0,3,157494.20428178454
2188,2522.0,2.0,3,133927.71717351815
2189,4816.0,4.0,5,268335.8670090476
2190,1152.0,2.0,2,74645.90218589781
2191,1152.0,2.0,2,74645.90218589781
2192,1680.0,2.0,2,101814.254136039
2193,1680.0,2.0,2,101814.254136039
2194,1137.0,2.0,4,51450.42302735253
2195,2261.0,1.0,2,112312.96011148271
2196,1932.0,1.0,3,84172.3698655995
2197,2629.0,2.0,3,139433.42486038385
2198,3054.0,2.0,2,172513.7154608382
2199,3729.0,6.0,4,262409.4214492406
2200,2521.0,2.0,2,145088.08745056312
2201,2764.0,1.0,3,126983.10627188257
2202,2632.0,3.0,3,158984.56270858116
2203,3203.0,1.0,4,138360.11886256834
2204,3160.0,2.0,4,155544.3169575336
2205,2647.0,1.0,3,120962.84646474902
2206,2918.0,2.0,2,165515.80662519575
2207,3474.0,2.0,4,171701.25353394332
2208,3595.0,4.0,3,227932.70410248963
2209,4555.0,3.0,3,257932.935436084
2210,2223.0,1.0,2,110357.66205446498
2211,2124.0,2.0,2,124660.36827593044
2212,2050.0,1.0,3,90244.08488475985
2213,2076.0,1.0,4,80370.09490838442
2214,2848.0,2.0,3,150702.11629424925
2215,1882.0,1.0,2,92811.43475333214
2216,3462.0,2.0,4,171083.79098962195
2217,1220.0,1.0,2,58748.08439160209
2218,1842.0,1.0,2,90753.22627226083
2219,1600.0,1.0,2,78301.06496177946
2220,1862.0,2.0,3,99967.27723584167
2221,4137.0,4.0,2,267033.2545100776
2222,4058.0,4.0,2,262968.2927599618
2223,4896.0,4.0,3,294875.9349493338
2224,3896.0,3.0,3,224023.9507104343
2225,2356.0,4.0,4,152967.8709122343
2226,4349.0,3.0,3,247333.16175856674
2227,3530.0,3.0,2,216403.16859770362
2228,3869.0,3.0,3,222634.65998571116
2229,3504.0,4.0,3,223250.27980805247
2230,2294.0,3.0,3,141592.70104352865
2231,3138.0,3.0,3,185020.89999413313
2232,3872.0,2.0,3,203392.25340967457
2233,3372.0,2.0,3,177664.64739628328
2234,3619.0,3.0,3,209770.85697901552
2235,3993.0,3.0,3,229015.10627703217
2236,4408.0,3.0,3,250369.01926814695
2237,5085.0,4.0,3,304600.97002239566
2238,3472.0,4.0,2,232815.53851226717
2239,2236.0,1.0,2,111026.57981081316
2240,2892.0,3.0,2,183574.74332461637
2241,3540.0,2.0,3,186309.12301678275
2242,2679.0,1.0,3,122609.41324960606
2243,2479.0,2.0,4,120503.31756729471
2244,2032.0,2.0,2,119926.48876946644
2245,1968.0,2.0,1,127845.18068882411
2246,2611.0,2.0,3,138507.23104390176
2247,1825.0,3.0,3,117460.20660296764
2248,2211.0,2.0,2,129136.9717222605
2249,1954.0,1.0,3,85304.38453018872
2250,2237.0,1.0,3,99866.20953376818
2251,2810.0,2.0,4,137534.99274815974
2252,3743.0,2.0,3,196754.5310582196
2253,2158.0,3.0,3,134594.7922078862
2254,2804.0,3.0,3,167834.85917718775
2255,3392.0,4.0,3,217487.2960610528
2256,2708.0,3.0,3,162895.15882261662
2257,3937.0,4.0,5,223106.7356375058
2258,2796.0,2.0,3,148026.44526885654
2259,3311.0,3.0,3,193922.6516747665
2260,3264.0,2.0,3,172107.4844973908
2261,3068.0,3.0,2,192630.8606413301
2262,3321.0,2.0,1,197464.08256106093
2263,4571.0,5.0,4,286337.93776367453
2264,6565.0,4.0,4,369542.85833296203
2265,3496.0,3.0,3,203441.86589972128
2266,3944.0,3.0,2,237705.6263767916
2267,5648.0,3.0,1,336597.1331595008
2268,4974.0,3.0,3,279492.6692753059
2269,3240.0,3.0,3,190269.33162086495
2270,2927.0,3.0,3,174163.850256482
2271,3856.0,3.0,3,221965.74222936298
2272,3455.0,4.0,4,209517.14892966836
2273,3132.0,2.0,3,165315.39650985546
2274,3471.0,3.0,2,213367.31108812345
2275,4038.0,3.0,2,242542.41630730915
2276,3580.0,3.0,3,207764.103709971
2277,3545.0,4.0,4,214148.11801207875
2278,3175.0,2.0,3,167527.97062700713
2279,2316.0,1.0,3,103931.171283884
2280,2238.0,1.0,2,111129.49023486671
2281,3389.0,2.0,2,189751.21148981035
2282,3332.0,3.0,2,206215.03661640067
2283,2025.0,2.0,3,108354.4767962072
2284,2182.0,2.0,4,105221.1195953403
2285,2575.0,2.0,2,147866.66890000933
2286,2336.0,2.0,3,124357.0477365366
2287,4558.0,3.0,3,258087.30107216432
2288,4356.0,2.0,3,228296.5760306373
2289,5440.0,4.0,2,334079.39578097523
2290,5956.0,4.0,3,349418.4596977233
2291,4487.0,3.0,4,243222.15552919096
2292,5346.0,4.0,2,329242.6058504577
2293,6194.0,3.0,3,342268.02794798056
2294,5613.0,3.0,4,301160.7242713481
2295,6006.0,5.0,2,382599.8180002511
2296,4830.0,3.0,3,272083.11874344916
2297,4080.0,4.0,3,252888.4819354792
2298,4710.0,3.0,3,265908.49330023525
2299,5822.0,3.0,5,300703.03809587396
2300,4940.0,4.0,3,297139.96427851217
2301,3787.0,4.0,3,237812.1048116319
2302,4244.0,3.0,3,241930.3644957546
2303,4191.0,3.0,3,239203.2382583351
2304,4042.0,3.0,3,231536.4116663445
2305,3395.0,3.0,1,220668.54046315976
2306,3395.0,3.0,1,220668.54046315976
2307,3404.0,3.0,2,209919.81188232903
2308,3964.0,2.0,2,219337.95840521032
2309,3960.0,3.0,2,238528.90976922013
2310,3236.0,2.0,2,181878.56404971264
2311,3460.0,3.0,2,212801.30375582885
2312,2936.0,3.0,3,174626.94716472304
2313,2842.0,3.0,3,169790.1572342055
2314,2653.0,2.0,3,140668.34994902665
2315,2803.0,3.0,3,167783.40396516098
2316,2828.0,4.0,3,188466.55647794745
2317,3183.0,3.0,3,187336.38453533832
2318,2828.0,3.0,3,169069.78426583053
2319,2708.0,3.0,3,162895.15882261662
2320,2966.0,2.0,3,156773.8313134096
2321,3788.0,3.0,2,229678.61330061354
2322,3036.0,2.0,2,171587.5216443561
2323,2515.0,3.0,2,164176.12839051933
2324,2258.0,4.0,3,159137.0856226814
2325,3687.0,3.0,3,213269.81139683674
2326,2278.0,3.0,3,140769.4176511001
2327,3277.0,3.0,4,180961.34897678415
2328,3596.0,3.0,4,197375.56161332777
2329,3097.0,4.0,3,202308.00851315196
2330,3547.0,3.0,3,206066.0817130872
2331,5392.0,4.0,4,309185.8946255462
2332,5487.0,4.0,4,314074.13976809045
2333,5075.0,4.0,4,292874.59241305606
2334,4209.0,3.0,4,228917.6065857454
2335,4033.0,4.0,4,239258.26148114866
2336,5086.0,3.0,4,274043.82753323374
2337,3546.0,2.0,3,186617.85428894346
2338,4214.0,3.0,3,240386.70813495113
2339,3756.0,2.0,3,197423.44881456782
2340,5152.0,3.0,1,311075.34799421666
2341,3764.0,5.0,3,256025.40714713285
2342,3746.0,3.0,3,216305.66890641692
2343,3899.0,3.0,3,224178.31634651465
2344,3826.0,3.0,3,220422.08586855952
2345,4031.0,3.0,3,230970.4043340499
2346,3415.0,2.0,3,179877.22151343495
2347,3455.0,2.0,3,181935.42999450624
2348,3558.0,3.0,3,206632.08904538178
2349,2874.0,3.0,3,171436.72401906253
2350,4010.0,4.0,3,249286.6170936044
2351,4008.0,2.0,2,221601.98773438876
2352,4203.0,2.0,2,231635.75407961136
2353,4665.0,3.0,4,252381.1832699583
2354,2336.0,2.0,3,124357.0477365366
2355,2341.0,2.0,3,124614.32379667048
2356,2764.0,2.0,3,146379.87848399952
2357,3545.0,2.0,3,186566.39907691668
2358,3405.0,3.0,3,198759.44160528405
2359,2519.0,2.0,2,144985.17702650954
2360,2288.0,2.0,2,133099.02304832276
2361,2954.0,3.0,3,175553.14098120513
2362,4571.0,4.0,3,278152.99104062945
2363,2688.0,2.0,2,153681.1078590358
2364,3096.0,2.0,2,174674.8343659631
2365,3512.0,3.0,2,215476.97478122154
2366,2836.0,3.0,2,180693.25145111655
2367,3672.0,3.0,2,223709.80870550676
2368,3411.0,3.0,2,210279.9983665165
2369,3730.0,3.0,2,226694.21100306013
2370,2685.0,4.0,3,181108.46115811754
2371,2801.0,3.0,3,167680.4935411074
2372,3672.0,2.0,3,193101.2110043181
2373,3882.0,4.0,3,242700.34995417623
2374,5014.0,4.0,3,300947.6499684941
2375,3713.0,3.0,1,237031.29788767663
2376,5106.0,4.0,3,305681.5294749581
2377,5900.0,3.0,2,338352.02110117825
2378,2602.0,3.0,3,157440.90634777767
2379,4181.0,4.0,4,246873.63286111248
2380,2695.0,2.0,3,142829.4688541515
2381,3512.0,3.0,3,204265.14929214978
2382,3707.0,2.0,3,194902.14342525543
2383,3930.0,2.0,2,217588.4811962997
2384,4017.0,4.0,3,249646.8035777919
2385,2894.0,3.0,3,172465.82825959817
2386,2548.0,2.0,3,135265.5526862145
2387,2516.0,2.0,3,133618.98590135743
2388,1754.0,2.0,2,105621.93982602088
2389,2436.0,1.0,2,121317.62221616966
2390,2619.0,2.0,2,150130.69822918778
2391,2882.0,1.0,3,133054.82129104293
2392,2100.0,1.0,3,92816.84548609896
2393,2814.0,3.0,3,168349.41129745558
2394,2716.0,2.0,3,143910.02830671397
2395,3699.0,3.0,5,191463.6229630146
2396,2902.0,2.0,3,153480.69774369552
2397,3955.0,3.0,3,227059.80822001447
2398,2742.0,1.0,2,137062.9170963651
2399,1384.0,2.0,2,86583.51137611136
2400,1061.0,2.0,2,69963.47789146058
2401,2067.0,1.0,2,102330.64897828689
2402,2691.0,2.0,2,153835.47349511614
2403,3912.0,2.0,4,194238.63640167407
2404,2685.0,3.0,3,161711.68894600062
2405,3165.0,2.0,3,167013.4185067393
2406,2406.0,2.0,2,139170.7380674831
2407,2324.0,2.0,3,123739.58519221519
2408,3147.0,2.0,3,166087.22469025722
2409,2624.0,1.0,3,119779.37658813302
2410,3516.0,1.0,4,154465.6002269513
2411,2186.0,2.0,2,127850.59142159094
2412,3285.0,1.0,3,153791.27173783627
2413,2768.0,2.0,3,146585.69933210663
2414,2417.0,2.0,3,128524.91991070597
2415,3604.0,2.0,4,178390.43109742505
2416,2354.0,1.0,2,117098.29482997349
2417,2373.0,2.0,3,126260.89058152755
2418,2254.0,2.0,3,120137.72035034042
2419,3082.0,2.0,4,151530.81041944458
2420,2319.0,2.0,3,123482.30913208128
2421,3625.0,2.0,3,190682.8160390593
2422,2592.0,1.0,2,129344.63529234772
2423,2700.0,2.0,3,143086.74491428543
2424,3515.0,2.0,3,185022.74271611322
2425,5606.0,4.0,4,320197.3099992776
2426,3012.0,3.0,1,200961.19425690206
2427,2382.0,2.0,3,126723.9874897686
2428,3323.0,3.0,4,183328.28873001615
2429,2048.0,2.0,3,109537.94667282322
2430,2192.0,2.0,3,116947.49720467988
2431,2630.0,2.0,3,139484.88007241063
2432,2366.0,2.0,3,125900.70409734006
2433,2903.0,2.0,3,153532.1529557223
2434,2808.0,3.0,3,168040.6800252949
2435,3105.0,2.0,3,163926.1057851324
2436,1225.0,1.0,3,47793.53496266424
2437,2080.0,1.0,2,102999.56673463507
2438,2394.0,2.0,3,127341.45003408997
2439,2502.0,1.0,2,124713.6662099373
2440,2892.0,1.0,3,133569.37341131075
2441,2370.0,2.0,2,137318.35043451894
2442,2140.0,1.0,2,106086.87945624202
2443,2259.0,1.0,2,112210.04968742916
2444,2612.0,1.0,2,130373.73953288337
2445,2059.0,1.0,3,90707.1817930009
2446,3375.0,3.0,4,186003.9597554088
2447,3313.0,3.0,3,194025.56209882005
2448,2744.0,3.0,4,153535.72096650902
2449,2751.0,1.0,3,126314.18851553439
2450,3275.0,2.0,3,172673.4918296854
2451,2413.0,2.0,3,128319.09906259883
2452,4147.0,2.0,3,217542.4367170398
2453,1299.0,1.0,2,62813.04614171791
2454,1806.0,2.0,1,119509.43634048536
2455,2339.0,2.0,1,146935.06435076045
2456,2686.0,2.0,3,142366.37194591045
2457,2418.0,2.0,3,128576.37512273274
2458,2049.0,2.0,3,109589.40188485
2459,2144.0,1.0,2,106292.70030434916
2460,3107.0,3.0,3,183425.78842130286
2461,2274.0,2.0,4,109954.9991018043
2462,2892.0,1.0,3,133569.37341131075
2463,2441.0,2.0,2,140971.6704884205
2464,3924.0,3.0,4,214252.87115811242
2465,2918.0,1.0,3,134907.20892400708
2466,2642.0,1.0,4,109493.74491554334
2467,2542.0,3.0,3,154353.5936261707
2468,2107.0,2.0,3,112573.80418240337
2469,2476.0,1.0,2,123375.83069724095
2470,3803.0,3.0,5,196814.96501379999
2471,3728.0,2.0,4,184770.87738874613
2472,4208.0,2.0,3,220681.2046506735
2473,2559.0,3.0,3,155228.33223062602
2474,2828.0,2.0,3,149673.0120537136
2475,4291.0,3.0,3,244348.75946101337
2476,2282.0,2.0,2,132790.29177616208
2477,2448.0,2.0,3,130120.03148353624
2478,3624.0,2.0,2,201843.18631610423
2479,2450.0,2.0,3,130222.94190758979
2480,2528.0,3.0,3,153633.22065779575
2481,2434.0,2.0,3,129399.65851516125
2482,2350.0,2.0,2,136289.24619398327
2483,2037.0,1.0,3,89575.16712841167
2484,2546.0,2.0,2,146374.46775123265
2485,2343.0,2.0,3,124717.23422072406
2486,2938.0,2.0,3,155333.0853766597
2487,4661.0,3.0,4,252175.36242185114
2488,2332.0,2.0,2,135363.05237750118
2489,3121.0,1.0,3,145352.61696544394
2490,2637.0,2.0,3,139845.06655659812
2491,1598.0,1.0,3,66986.32904865412
2492,3509.0,2.0,3,184714.0114439525
2493,2352.0,2.0,3,125180.3311289651
2494,3416.0,2.0,3,179928.67672546173
2495,2062.0,1.0,2,102073.37291815298
2496,4444.0,3.0,4,241009.58141203935
2497,3312.0,2.0,3,174577.33467467636
2498,2127.0,2.0,3,113602.90842293901
2499,1311.0,1.0,3,52218.683196967555
2500,2445.0,2.0,2,141177.49133652763
2501,2940.0,2.0,4,144224.17031164147
2502,2881.0,2.0,4,141188.31280206126
2503,2593.0,2.0,4,126369.2117383479
2504,5093.0,2.0,4,255007.2418053043
2505,3531.0,4.0,3,224639.57053277557
2506,4432.0,2.0,3,232207.17214467278
2507,5342.0,3.0,3,298428.1873011618
2508,4420.0,2.0,3,231589.7096003514
2509,4074.0,2.0,3,213786.20623908465
2510,3845.0,2.0,3,202002.96268495143
2511,3160.0,2.0,2,177967.96793567712
2512,3527.0,3.0,3,205036.97747255152
2513,3721.0,4.0,3,234416.06081786426
2514,3884.0,3.0,0,257041.96463332817
2515,2791.0,2.0,3,147769.16920872265
2516,2636.0,4.0,3,178587.1557688052
2517,2620.0,2.0,3,138970.3279521428
2518,2742.0,3.0,3,164644.63603152722
2519,3783.0,3.0,3,218209.51175140787
2520,3214.0,4.0,3,208328.2683202855
2521,3155.0,3.0,3,185895.6385985884
2522,3602.0,4.0,3,228292.89058667712
2523,2198.0,1.0,3,97859.45626472367
2524,2537.0,2.0,3,134699.54535391988
2525,2580.0,2.0,3,136912.11947107152
2526,2828.0,2.0,3,149673.0120537136
2527,2091.0,2.0,3,111750.52078997486
2528,2263.0,1.0,3,101204.04504646454
2529,2459.0,2.0,3,130686.03881583083
2530,2340.0,1.0,3,105166.09637252678
2531,4464.0,3.0,3,253250.51114164677
2532,3641.0,4.0,3,230299.6438557217
2533,3580.0,3.0,3,207764.103709971
2534,3787.0,2.0,3,199018.56038739806
2535,4835.0,4.0,4,280525.34152662824
2536,3717.0,4.0,3,234210.23996975715
2537,3488.0,3.0,1,225453.87518165054
2538,2801.0,3.0,3,167680.4935411074
2539,3078.0,3.0,2,193145.41276159792
2540,3120.0,2.0,3,164697.9339655341
2541,2843.0,3.0,3,169841.61244623226
2542,2744.0,3.0,3,164747.5464555808
2543,2661.0,2.0,2,152291.81713431267
2544,2696.0,1.0,2,134695.97734313313
2545,2971.0,2.0,3,157031.1073735435
2546,2980.0,1.0,2,149309.25755873937
2547,2760.0,2.0,3,146174.05763589236
2548,2812.0,3.0,5,145822.8498952585
2549,2716.0,4.0,3,182703.5727309478
2550,12374.0,5.0,2,710266.6081868024
2551,2188.0,2.0,2,127953.50184564453
2552,2491.0,2.0,2,143544.43108975963
2553,1152.0,2.0,2,74645.90218589781
2554,2508.0,2.0,4,121995.5187160714
2555,1825.0,2.0,2,109275.25987992247
2556,2087.0,1.0,2,103359.75321882256
2557,2452.0,2.0,3,130325.85233164334
2558,4870.0,4.0,6,259902.62296942214
2559,3128.0,1.0,3,145712.80344963144
2560,2573.0,2.0,2,147763.75847595578
2561,1845.0,2.0,2,110304.3641204581
2562,2433.0,1.0,3,109951.43109101756
2563,2488.0,1.0,3,112781.4677524906
2564,3337.0,3.0,4,184048.66169839108
2565,2172.0,2.0,2,127130.21845321599
2566,2956.0,2.0,4,145047.45370407
2567,2755.0,2.0,3,145916.78157575848
2568,4359.0,2.0,3,228450.9416667177
2569,3744.0,3.0,3,216202.75848236334
2570,2203.0,1.0,2,109328.55781392934
2571,4140.0,2.0,4,205970.42474378052
2572,2668.0,2.0,1,163863.82910757195
2573,4163.0,2.0,3,218365.72010946827
2574,4373.0,3.0,2,259779.9123362813
2575,2685.0,1.0,3,122918.14452176675
2576,2713.0,2.0,3,143755.66267063358
2577,3553.0,2.0,3,186978.04077313095
2578,1828.0,1.0,2,90032.85330388587
2579,1149.0,1.0,1,66306.5898267723
2580,3081.0,2.0,4,151479.3552074178
2581,3310.0,2.0,3,174474.4242506228
2582,2336.0,1.0,2,116172.1010134914
2583,3969.0,4.0,2,258388.7788895781
2584,3092.0,3.0,2,193865.78572997288
2585,3700.0,2.0,3,194541.956941068
2586,3683.0,3.0,1,235487.64152687314
2587,3574.0,3.0,3,207455.37243781032
2588,2406.0,2.0,3,127958.91257841134
2589,2717.0,2.0,2,155173.3090078125
2590,3754.0,3.0,2,227929.1360917029
2591,3737.0,3.0,4,204630.7465091041
2592,3950.0,2.0,3,207405.75994776364
2593,3744.0,2.0,2,208017.81175931814
2594,3265.0,3.0,3,191555.7119215345
2595,3334.0,2.0,2,186921.1748283373
2596,4801.0,3.0,2,281802.74308374425
2597,3588.0,2.0,3,188778.97319406836
2598,4235.0,5.0,5,257837.16103360386
2599,4884.0,2.0,3,255464.9279807785
2600,4385.0,1.0,2,221603.83045636883
2601,2356.0,3.0,0,178418.40065640444
2602,1891.0,2.0,3,101459.47838461836
2603,2028.0,2.0,2,119720.6679213593
2604,1702.0,2.0,3,91734.44331155645
2605,1924.0,2.0,3,103157.50038150218
2606,2876.0,2.0,1,174566.5132091427
2607,4552.0,4.0,3,277175.3420121205
2608,4288.0,3.0,3,244194.39382493304
2609,3055.0,3.0,3,180750.11739591017
2610,1721.0,2.0,2,103923.91782913706
2611,3638.0,1.0,3,171954.9615832905
2612,2902.0,3.0,3,172877.46995581244
2613,2226.0,2.0,2,129908.79990266226
2614,2179.0,2.0,3,116278.57944833173
2615,3203.0,3.0,2,199577.31426494574
2616,2625.0,2.0,2,150439.4295013485
2617,4377.0,2.0,3,229377.1354831998
2618,3834.0,3.0,1,243257.37854291731
2619,4354.0,2.0,3,228193.66560658376
2620,3231.0,4.0,3,209203.00692474082
2621,2959.0,3.0,3,175810.41704133904
2622,3442.0,3.0,3,200663.284450275
2623,3784.0,3.0,4,207049.14147436287
2624,5075.0,4.0,3,304086.41790212784
2625,5547.0,3.0,4,297764.68027758045
2626,2901.0,3.0,3,172826.01474378566
2627,3046.0,2.0,2,172102.07376462393
2628,5085.0,5.0,3,323997.7422345126
2629,5914.0,4.0,5,324833.68981445493
2630,4527.0,3.0,4,245280.3640102623
2631,5534.0,4.0,4,316492.5347333492
2632,5219.0,4.0,4,300284.1429449128
2633,4156.0,3.0,2,248614.1313264695
2634,5208.0,4.0,3,310929.96110168996
2635,2834.0,2.0,2,161193.56881494602
2636,3789.0,3.0,4,207306.4175344968
2637,3210.0,2.0,2,180540.7285370163
2638,4065.0,4.0,3,252116.65375507745
2639,3111.0,3.0,3,183631.60926941
2640,3047.0,2.0,3,160941.70348757895
2641,2377.0,2.0,3,126466.71142963466
2642,3713.0,3.0,2,225819.47239860485
2643,2057.0,2.0,3,110001.04358106427
2644,2606.0,2.0,3,138249.95498376788
2645,1788.0,2.0,3,96159.59154585974
2646,1695.0,2.0,2,102586.08231644073
2647,2233.0,2.0,3,119057.160897778
2648,2858.0,3.0,2,181825.26611570574
2649,2870.0,2.0,3,151834.13095883845
2650,2458.0,3.0,2,161243.18130499273
2651,2799.0,3.0,3,167577.58311705384
2652,5158.0,4.0,4,297145.375011279
2653,4116.0,2.0,2,227159.15063328124
2654,4378.0,2.0,4,218216.76520615479
2655,5387.0,3.0,2,311955.4973314388
2656,4209.0,3.0,4,228917.6065857454
2657,4496.0,4.0,3,274293.8501386207
2658,4422.0,3.0,3,251089.39223652188
2659,4355.0,3.0,4,236430.06754165568
2660,4820.0,4.0,4,279753.51334622654
2661,4762.0,3.0,2,279795.98981469974
2662,4588.0,3.0,2,270842.78292203957
2663,4375.0,4.0,3,268067.76948338
2664,3933.0,3.0,2,237139.619044497
2665,4637.0,3.0,1,284575.9138004236
2666,4210.0,3.0,2,251392.71277591577
2667,2598.0,3.0,3,157235.08549967053
2668,2702.0,3.0,3,162586.42755045593
2669,3179.0,2.0,3,167733.7914751143
2670,4223.0,3.0,4,229637.9795541204
2671,2802.0,3.0,3,167731.94875313417
2672,3137.0,3.0,2,196181.27027117807
2673,3437.0,3.0,2,211617.83387921285
2674,3464.0,3.0,2,213007.12460393598
2675,2814.0,2.0,2,160164.46457441038
2676,3027.0,3.0,3,179309.37145916026
2677,3302.0,3.0,3,193459.55476652546
2678,4419.0,4.0,4,259119.97332348675
2679,4146.0,4.0,3,256284.52592924685
2680,4212.0,4.0,3,259680.5699230145
2681,5471.0,4.0,4,313250.8563756619
2682,5437.0,3.0,4,292104.60695463436
2683,7358.0,5.0,4,429743.61368231755
2684,4882.0,4.0,4,282943.736491887
2685,5357.0,4.0,3,318596.7876936805
2686,4094.0,3.0,3,234212.08269173722
2687,4708.0,4.0,2,296414.18057737045
2688,3662.0,2.0,3,192586.65888405027
2689,3200.0,2.0,2,180026.17641674847
2690,5733.0,5.0,3,357340.7196278677
2691,3242.0,3.0,3,190372.2420449185
2692,2338.0,2.0,3,124459.95816059015
2693,3611.0,2.0,3,189962.44307068433
2694,2301.0,2.0,3,122556.11531559919
2695,3284.0,3.0,3,192533.36095004337
2696,2995.0,3.0,3,177662.80467430322
2697,3781.0,3.0,3,218106.6013273543
2698,3645.0,4.0,3,230505.4647038288
2699,3384.0,3.0,2,208890.7076417934
2700,2982.0,2.0,2,168808.94019490984
2701,2468.0,3.0,3,150545.9079361888
2702,2600.0,2.0,3,137941.22371160716
2703,2182.0,2.0,4,105221.1195953403
2704,2812.0,1.0,2,140664.7819382399
2705,2278.0,1.0,3,101975.87322686627
2706,2240.0,1.0,3,100020.57516984854
2707,2611.0,2.0,2,149719.0565329735
2708,2356.0,2.0,3,125386.15197707224
2709,1824.0,1.0,3,78615.20696670699
2710,2205.0,1.0,3,98219.64274891114
2711,6485.0,5.0,3,396035.0390720081
2712,5619.0,4.0,3,332078.0532446975
2713,3065.0,2.0,1,184291.54828220457
2714,2469.0,3.0,2,161809.18863728733
2715,2752.0,3.0,2,176371.01364086682
2716,2156.0,3.0,2,145703.7072729044
2717,3189.0,3.0,3,187645.11580749904
2718,3966.0,2.0,3,208229.04334019212
2719,3140.0,3.0,2,196335.63590725843
2720,3464.0,3.0,3,201795.29911486423
2721,2606.0,2.0,3,138249.95498376788
2722,3530.0,3.0,4,193979.51761956012
2723,2550.0,2.0,2,146580.2885993398
2724,2200.0,2.0,3,117359.13890089415
2725,2636.0,2.0,3,139793.61134457134
2726,2928.0,2.0,3,154818.53325639182
2727,3487.0,3.0,3,202978.76899148023
2728,3140.0,3.0,3,185123.81041818668
2729,2912.0,2.0,4,142783.42437489156
2730,2782.0,2.0,3,147306.0723004816
2731,2140.0,2.0,2,125483.65166835897
2732,2427.0,1.0,2,120854.52530792862
2733,3474.0,2.0,3,182913.0790230151
2734,3672.0,2.0,2,204313.03649338984
2735,2552.0,2.0,3,135471.3735343216
2736,2971.0,2.0,3,157031.1073735435
2737,2272.0,1.0,2,112878.9674437773
2738,3674.0,2.0,4,181992.29593929986
2739,3002.0,2.0,3,158626.21894637373
2740,2446.0,1.0,2,121832.17433643749
2741,2934.0,2.0,3,155127.26452855254
2742,3025.0,2.0,3,159809.68882298976
2743,3039.0,2.0,3,160530.0617913647
2744,3134.0,2.0,3,165418.30693390907
2745,2386.0,2.0,3,126929.8083378757
2746,2450.0,2.0,2,141434.76739666154
2747,2191.0,2.0,2,128107.86748172485
2748,2130.0,1.0,3,94360.50184690245
2749,2617.0,1.0,2,130631.0155930173
2750,2412.0,3.0,3,147664.41606268898
2751,2233.0,2.0,2,130268.98638684975
2752,3849.0,3.0,3,221605.55574517552
2753,3693.0,2.0,2,205393.59594595226
2754,6646.0,5.0,5,381895.6772301767
2755,2773.0,2.0,3,146842.97539224057
2756,2033.0,1.0,2,100581.17176937629
2757,2277.0,1.0,2,113136.24350391125
2758,1518.0,1.0,1,85293.56306465504
2759,3066.0,2.0,3,161919.35251608782
2760,3701.0,2.0,4,183381.586664023
2761,2943.0,2.0,3,155590.36143679358
2762,2846.0,2.0,3,150599.2058701957
2763,4101.0,3.0,3,234572.2691759247
2764,2251.0,2.0,2,131195.1802033318
2765,4949.0,4.0,3,297603.0611867532
2766,3395.0,2.0,3,178848.1172728993
2767,1440.0,2.0,2,89465.00324961118
2768,3112.0,2.0,4,153074.46678024804
2769,2750.0,1.0,3,126262.73330350762
2770,2618.0,2.0,3,138867.41752808925
2771,2064.0,2.0,3,110361.23006525173
2772,2226.0,2.0,3,118696.9744135905
2773,3593.0,2.0,5,166612.5982760587
2774,3260.0,2.0,3,171901.66364928364
2775,2966.0,1.0,4,126165.2336122209
2776,2620.0,2.0,3,138970.3279521428
2777,3064.0,2.0,4,150604.6166029625
2778,2054.0,1.0,2,101661.73122193874
2779,3499.0,2.0,4,172987.6338346129
2780,2456.0,1.0,2,122346.7264567053
2781,2158.0,1.0,2,107013.07327272411
2782,2083.0,1.0,2,103153.93237071543
2783,2659.0,1.0,2,132792.13449814217
2784,2496.0,2.0,3,132589.8816608218
2785,3152.0,2.0,5,143920.84977224763
2786,1262.0,2.0,1,91517.80099791563
2787,2330.0,2.0,3,124048.31646437588
2788,2000.0,1.0,2,98883.14977249247
2789,4191.0,2.0,5,197382.81506807465
2790,2258.0,2.0,2,131555.36668751927
2791,2544.0,1.0,3,115662.95962599042
2792,2145.0,1.0,2,106344.15551637593
2793,3020.0,1.0,2,151367.46603981065
2794,2172.0,2.0,3,115918.39296414424
2795,2300.0,1.0,3,103107.8878914555
2796,2122.0,1.0,2,105160.68563975993
2797,4657.0,2.0,5,221360.94387255536
2798,2824.0,2.0,3,149467.19120560645
2799,2233.0,1.0,3,99660.38868566105
2800,1429.0,1.0,2,69502.22370519963
2801,2440.0,1.0,3,110311.61757520505
2802,2516.0,2.0,3,133618.98590135743
2803,4598.0,2.0,4,229536.9118520469
2804,2259.0,1.0,3,100998.2241983574
2805,1413.0,1.0,2,68678.94031277113
2806,1997.0,1.0,2,98728.78413641211
2807,2512.0,3.0,2,164021.762754439
2808,3018.0,2.0,3,159449.50233880227
2809,2259.0,2.0,2,131606.82189954608
2810,2492.0,2.0,3,132384.06081271466
2811,3430.0,3.0,3,200045.82190595363
2812,2927.0,2.0,3,154767.07804436504
2813,4684.0,2.0,6,211538.40910820675
2814,4516.0,2.0,6,202893.93348770723
2815,2182.0,1.0,2,108247.99836136689
2816,4499.0,2.0,2,246866.496839539
2817,2961.0,2.0,1,178940.2062314192
2818,2168.0,2.0,2,126924.39760510888
2819,3004.0,4.0,2,208734.49928373293
2820,3058.0,2.0,3,161507.71081987355
2821,2428.0,1.0,3,109694.15503088364
2822,3698.0,2.0,4,183227.2210279426
2823,7140.0,4.0,5,387917.77975929034
2824,4714.0,3.0,3,266114.3141483424
2825,2630.0,1.0,3,120088.1078602937
2826,2402.0,2.0,3,127753.09173030424
2827,2914.0,2.0,5,131674.50930987336
2828,4346.0,3.0,4,235966.97063341463
2829,3992.0,4.0,2,259572.24876619407
2830,4072.0,3.0,3,233080.06802714802
2831,3211.0,2.0,2,180592.18374904306
2832,4209.0,3.0,3,240129.4320748172
2833,4170.0,4.0,2,268731.27650696144
2834,3590.0,3.0,3,208278.65583023883
2835,3949.0,2.0,3,207354.3047357368
2836,3179.0,3.0,3,187130.56368723122
2837,3356.0,3.0,3,196238.13621597172
2838,2662.0,2.0,3,141131.4468572677
2839,3257.0,3.0,3,191144.07022532023
2840,3571.0,3.0,3,207301.00680172996
2841,3331.0,3.0,3,194951.75591530214
2842,3631.0,4.0,3,229785.0917354538
2843,2822.0,2.0,3,149364.2807815529
2844,3335.0,3.0,3,195157.57676340928
2845,2025.0,1.0,3,88957.70458409027
2846,3553.0,3.0,3,206374.81298524787
2847,3374.0,4.0,3,216561.10224457073
2848,3358.0,3.0,1,218764.6976181688
2849,3418.0,3.0,4,188216.53387256048
2850,4227.0,4.0,3,260452.3981034162
2851,3749.0,3.0,4,205248.20905342547
2852,3760.0,4.0,3,236422.81408690882
2853,3980.0,4.0,4,236531.13524372916
2854,2256.0,2.0,1,142664.2817525375
2855,3393.0,3.0,3,198141.97906096268
2856,3271.0,3.0,3,191864.4431936952
2857,3147.0,3.0,3,185483.99690237417
2858,3353.0,3.0,3,196083.77057989137
2859,2787.0,3.0,3,166960.12057273244
2860,1988.0,4.0,4,134032.35288637836
2861,2916.0,2.0,2,165412.8962011422
2862,3361.0,3.0,3,196495.41227610564
2863,1860.0,2.0,2,111076.19230085984
2864,4240.0,3.0,3,241724.5436476475
2865,2188.0,2.0,2,127953.50184564453
2866,3099.0,2.0,3,163617.37451297167
2867,1825.0,1.0,3,78666.66217873376
2868,2906.0,2.0,3,153686.51859180263
2869,3106.0,2.0,4,152765.73550808738
2870,3075.0,3.0,3,181779.2216364458
2871,2390.0,1.0,3,107738.85697386591
2872,1312.0,1.0,1,74693.78938713785
2873,2376.0,1.0,3,107018.48400549096
2874,2849.0,3.0,3,170150.34371839295
2875,2560.0,2.0,3,135883.01523053588
2876,3001.0,2.0,3,158574.76373434695
2877,2645.0,1.0,3,120859.93604069547
2878,2954.0,2.0,4,144944.5432800164
2879,2823.0,2.0,3,149415.73599357967
2880,2352.0,1.0,4,94571.73342777642
2881,3114.0,2.0,3,164389.20269337343
2882,3141.0,2.0,2,176990.31890716826
2883,3144.0,2.0,4,154721.0335651051
2884,2929.0,2.0,3,154869.98846841865
2885,2953.0,2.0,3,156104.9135570614
2886,4017.0,3.0,4,219038.2058766032
2887,2327.0,2.0,2,135105.7763173673
2888,2880.0,2.0,3,152348.68307910627
2889,1216.0,1.0,2,58542.263543494955
2890,1808.0,1.0,2,89003.74906335023
2891,3010.0,2.0,4,147826.03515351622
2892,752.0,1.0,2,34667.04516306786
2893,2056.0,2.0,4,98737.7628799657
2894,1152.0,1.0,2,55249.129973780866
2895,4175.0,4.0,2,268988.5525670953
2896,4101.0,4.0,2,265180.8668771134
2897,3990.0,3.0,3,228860.74064095184
2898,3944.0,2.0,4,195885.20318653114
2899,3692.0,2.0,3,194130.31524485373
2900,2866.0,3.0,3,171025.08232284826
2901,3938.0,2.0,2,218000.12289251396
2902,3427.0,3.0,2,211103.28175894503
2903,4612.0,3.0,3,260865.8825216106
2904,4744.0,3.0,3,267657.9705091459
2905,2005.0,2.0,3,107325.37255567155
2906,3488.0,4.0,2,233638.82190469568
2907,2045.0,2.0,3,109383.58103674286
2908,2146.0,2.0,3,114580.55745144788
2909,4232.0,2.0,4,210704.30425024452
2910,1260.0,2.0,1,91414.89057386208
2911,1891.0,2.0,3,101459.47838461836
2912,2960.0,2.0,3,156465.1000412489
2913,1924.0,2.0,3,103157.50038150218
2914,1672.0,2.0,3,90190.78695075297
2915,1638.0,2.0,3,88441.30974184236
2916,1948.0,2.0,3,104392.42547014495
2917,3498.0,2.0,4,172936.17862258613
2918,1994.0,2.0,3,106759.36522337695
2919,3884.0,3.0,3,223406.4881661129
